,Time (h),U1 (V),U2 (V),U3 (V),U4 (V),U5 (V),Utot (V),J (A/cm²),I (A),TinH2 (°C),ToutH2 (°C),TinAIR (°C),ToutAIR (°C),TinWAT (°C),ToutWAT (°C),PinAIR (mbara),PoutAIR (mbara),PoutH2 (mbara),PinH2 (mbara),DinH2 (l/mn),DoutH2 (l/mn),DinAIR (l/mn),DoutAIR (l/mn),DWAT (l/mn),HrAIRFC (%)
count,143862.0,143862.0,143862.0,143862.0,143862.0,143862.0,143862.0,143862.0,143862.0,143862.0,143862.0,143862.0,143862.0,143862.0,143862.0,143862.0,143862.0,143862.0,143862.0,143862.0,143862.0,143862.0,143862.0,143862.0,143862.0
mean,551.9969215503429,0.6594565277835702,0.6547589356466615,0.6504576677649414,0.6546918922300536,0.6506744171497686,3.2700394405749966,0.7025678026163963,70.25678026163962,27.89066902309158,41.2565247737415,42.29157364696724,51.6153040483241,53.759304444537136,55.430678448791205,1300.074410379391,1268.8356620511324,1299.9989042068091,1287.3486053092547,4.79741644770683,2.1150232166937757,23.035450035450637,21.308864960865275,2.0164786183981867,50.003637611043914
std,346.4252222646398,0.00819823488854777,0.007848514621716953,0.009855034533232675,0.007641631662673463,0.009347412010502302,0.04267277482710631,0.000979472974851821,0.09794729748518256,0.593978781500839,0.485314478493415,0.09550859939016654,0.10502510630939114,0.10839922324350566,0.06963732071853879,1.690333670521439,1.6984642133955739,3.5507615044837966,3.691112150632129,0.006177294500548682,0.039094434862427724,0.011192473006025,0.13363593266216325,0.03295855106506964,0.29260572023627857
min,0.0,0.641,0.629,0.621,0.619,0.583,3.093,0.70066,70.066,24.956,33.724,41.88,47.635,51.541,54.075,1276.721,1248.262,1263.745,1249.03,4.757,1.48,22.842,20.526,1.851,47.166
25%,249.10367052499998,0.652,0.649,0.642,0.648,0.643,3.234,0.70207,70.207,27.685,41.012,42.224,51.566,53.733,55.411,1299.019,1267.724,1296.708,1284.173,4.795,2.09,23.036,21.206,1.994,49.826
50%,550.80125915,0.657,0.654,0.649,0.654,0.65,3.263,0.70237,70.237,27.859,41.207,42.29,51.608,53.779,55.449,1300.1,1268.862,1300.015,1287.534,4.796,2.114,23.036,21.303,2.016,49.972
75%,852.507230375,0.666,0.661,0.658,0.661,0.659,3.305,0.70256,70.256,28.049,41.409,42.353,51.65,53.816,55.473,1301.18,1269.943,1303.038,1290.382,4.797,2.149,23.038,21.396,2.038,50.134
max,1154.213356,0.678,0.673,0.672,0.673,0.671,3.365,0.70735,70.735,32.777,45.554,42.841,52.511,55.884,56.672,1316.197,1286.105,1334.689,1319.203,4.873,2.683,23.186,22.311,2.383,53.336
